1,1 1 2 2 2 3 3 4 5 5 5 5 5 5 5 5 5 5 5 5 5 5 6 6 6 7 7 7 7 7 2 2 2 8 8 8 8 8 8 8 8 8 8 8 8 9 10 10 11 11 11 11 11 12 12 12 12 12 12 13 13 14 14 14 14 15 15 15 15 2 16 16 16 16 16 16 16 5 5 5 17 17 17 17 17 17 
2,2 3 3 4 5 5 5 5 5 5 5 5 5 5 5 5 2 10 12 12 12 12 12 12 12 14 14 15 15 15 2 16 5 5 16 16 16 3 5 2 2 18 18 19 19 19 19 19 20 20 21 22 22 22 22 23 23 23 24 24 24 24 25 26 26 26 27 27 
3,2 2 2 9 10 11 11 11 12 15 2 21 25 28 28 28 11 29 29 29 29 29 30 30 30 30 30 30 31 31 31 30 29 29 29 29 29 15 
4,6 2 2 2 2 18 19 19 19 20 11 32 32 32 32 32 32 33 33 32 32 32 32 32 32 32 32 32 32 32 32 32 32 34 34 34 34 34 34 34 34 34 34 34 34 34 34 19 35 19 36 36 36 36 36 36 36 37 38 38 38 38 38 38 38 38 38 38 39 39 39 39 39 39 39 40 40 38 38 38 38 
5,1 26 26 26 26 26 33 33 32 32 32 35 37 38 2 41 41 41 42 42 43 43 43 43 43 43 44 44 44 44 44 44 44 44 44 44 44 44 44 2 26 26 26 26 
6,2 2 10 2 2 2 18 18 26 26 32 37 38 38 38 38 38 38 38 26 26 32 32 45 45 45 46 46 46 46 46 47 47 18 18 18 18 18 18 18 18 18 18 18 18 18 18 18 18 48 48 48 48 48 48 48 49 49 49 49 49 33 38 
7,50 50 50 50 50 50 50 50 50 50 50 50 51 52 52 52 52 52 52 53 50 54 55 56 57 58 59 60 61 62 63 64 65 66 67 68 69 70 71 72 72 72 73 73 74 73 73 73 73 73 75 75 75 75 75 76 76 76 76 76 76 77 50 50 78 78 78 78 78 79 78 78 
8,51 53 59 62 63 65 74 77 79 80 80 80 81 81 81 82 82 83 83 83 84 84 85 85 85 86 86 86 86 86 87 87 87 87 88 88 89 89 89 89 90 90 91 91 92 92 92 92 92 92 92 92 92 93 93 93 94 94 95 96 97 98 99 100 101 102 103 103 104 105 64 106 107 108 109 110 111 112 113 66 66 114 115 116 117 117 117 117 118 118 118 118 119 119 120 120 66 66 121 71 54 122 56 57 58 57 123 123 123 123 123 123 123 123 123 124 124 123 125 126 127 128 129 130 131 
9,64 66 117 117 117 118 118 118 118 119 119 120 120 66 121 122 56 57 58 123 132 132 132 51 51 51 133 133 133 134 134 134 134 134 135 135 135 135 135 135 135 135 135 135 136 136 136 136 136 136 136 59 137 137 138 138 138 138 138 62 62 138 138 138 138 138 139 139 117 140 141 142 142 142 65 142 142 142 142 142 67 69 71 54 74 74 60 61 61 143 143 143 143 143 143 143 143 144 144 144 144 144 144 145 145 145 146 146 144 136 
10,51 53 54 55 59 62 63 64 65 66 67 68 69 70 71 74 77 79 117 117 117 118 118 118 119 119 120 120 57 117 147 147 147 147 147 147 147 147 148 148 148 148 148 149 149 149 149 149 149 149 149 149 149 149 149 150 150 150 118 56 151 151 151 151 151 151 151 151 151 152 152 153 153 153 153 154 154 154 154 154 155 155 156 156 157 157 158 158 158 
11,51 53 54 55 56 57 58 59 60 61 62 63 64 65 66 67 68 69 70 71 74 77 79 116 118 119 119 120 140 141 142 150 150 118 159 159 159 159 159 159 159 159 159 159 159 159 159 159 159 159 159 159 159 159 159 159 159 159 159 160 160 160 161 161 162 162 162 162 162 162 162 162 162 163 163 163 163 163 163 163 118 120 150 117 164 164 164 164 164 164 164 164 164 164 164 164 164 164 165 165 
12,166 166 166 166 167 168 169 169 169 170 170 170 171 171 172 172 173 166 166 166 166 166 166 174 175 176 177 178 179 180 166 166 181 181 181 182 183 184 184 184 185 186 187 188 189 189 190 190 190 191 169 192 193 194 194 195 195 195 195 195 196 197 197 197 197 197 198 198 199 199 199 200 201 201 202 203 198 204 
13,167 173 178 182 182 183 184 185 187 190 191 195 196 198 198 202 203 203 203 198 198 205 205 206 206 207 207 207 207 207 199 199 208 208 184 184 186 209 210 211 212 213 
14,172 172 172 166 166 174 175 180 184 186 187 188 190 194 194 210 211 214 214 214 214 214 167 215 215 215 215 215 215 215 215 215 216 216 171 173 217 218 176 177 219 178 179 182 183 220 220 221 222 222 222 222 222 193 215 215 223 224 224 224 224 224 214 225 226 226 214 214 227 227 227 227 
15,167 172 173 166 174 175 176 177 178 179 180 166 181 181 182 183 184 184 184 185 186 191 202 203 203 203 203 203 203 203 209 210 211 223 225 172 172 172 172 172 172 172 172 166 166 166 166 166 166 181 228 229 229 230 231 232 233 234 234 235 235 236 236 236 236 236 202 203 
16,167 185 191 196 200 202 199 215 215 215 179 172 172 237 166 166 166 166 166 166 166 238 238 219 180 180 180 180 180 180 181 239 239 239 240 240 241 241 241 241 242 242 242 242 243 243 243 244 244 244 245 245 245 245 245 246 246 246 246 213 222 192 193 194 247 247 247 248 248 248 248 248 248 172 199 199 199 249 249 250 250 250 250 250 171 171 
17,167 171 172 172 172 173 183 184 186 187 188 190 191 192 193 194 194 184 211 215 215 178 220 223 225 228 222 171 251 251 251 251 251 251 251 251 251 251 251 251 251 251 251 251 251 251 251 171 182 189 215 215 166 252 252 252 251 251 251 251 251 253 253 253 253 253 
18,166 167 171 172 172 172 173 166 166 166 178 182 183 184 185 186 187 188 189 190 191 169 192 193 194 194 196 184 211 212 213 216 216 216 217 222 225 228 237 171 166 166 254 254 254 254 254 254 254 254 254 254 254 204 166 166 
19,57 166 166 167 168 169 170 171 173 166 166 166 166 174 176 177 180 181 182 184 185 186 187 194 204 215 218 219 221 223 172 172 166 181 228 229 230 231 232 233 234 181 240 241 241 241 241 242 242 244 244 189 189 255 255 255 255 255 256 256 181 178 242 242 242 257 257 258 258 258 258 258 259 259 259 259 183 259 211 229 191 170 172 172 260 260 260 260 260 225 260 261 261 
20,262 262 262 262 263 263 263 264 264 265 265 265 265 265 265 266 266 266 266 266 266 267 267 267 268 268 268 268 268 268 268 268 269 270 271 271 272 273 274 274 274 275 275 275 275 275 276 276 277 277 277 277 277 277 277 277 277 277 277 277 278 278 278 278 278 279 279 
21,57 251 268 268 268 268 268 271 271 272 272 278 278 278 278 278 278 278 278 278 280 281 281 282 283 284 285 285 285 285 285 285 285 285 285 285 285 285 285 285 285 285 286 286 285 287 287 287 287 287 288 288 287 287 289 268 268 268 278 
22,57 118 263 269 279 279 290 290 290 290 290 290 290 290 290 291 291 291 291 292 292 292 293 293 293 294 294 294 267 267 267 294 294 295 295 295 295 296 296 296 118 297 297 297 298 298 298 298 298 298 298 263 263 263 263 297 297 297 297 297 299 299 299 299 299 300 300 300 301 302 303 304 299 299 299 299 299 299 305 305 306 307 307 307 307 307 307 279 
23,57 262 262 263 264 267 267 267 267 267 276 276 276 278 278 278 287 287 289 278 294 294 294 294 294 294 294 294 294 294 294 299 304 307 307 308 308 308 308 308 308 308 308 308 308 308 268 268 309 309 307 281 294 310 263 268 270 270 268 268 268 311 272 272 272 312 312 313 313 313 313 314 314 315 315 315 315 315 315 316 316 317 317 308 308 308 308 
24,263 263 263 265 267 267 267 268 268 270 272 272 272 274 287 291 291 291 291 291 293 293 293 294 294 263 299 304 299 305 306 307 307 307 279 310 311 318 318 318 318 318 319 319 319 319 319 293 293 268 268 268 275 275 275 275 275 275 320 320 321 321 321 321 322 322 322 322 318 
25,151 262 262 262 262 264 264 264 264 264 265 265 265 266 266 266 268 268 268 268 268 271 276 276 276 279 279 279 268 268 294 301 302 303 323 323 323 323 323 323 266 324 324 324 324 324 324 324 263 287 325 326 326 326 326 327 327 327 328 328 328 328 328 328 328 329 329 329 279 
26,263 263 265 265 267 269 273 275 276 276 276 278 278 278 278 278 278 278 278 281 281 281 281 281 281 278 294 293 325 330 330 293 293 330 331 331 332 332 332 332 332 332 332 332 332 332 332 333 333 333 333 276 334 334 334 334 334 335 335 335 275 275 275 
27,268 271 271 271 271 280 282 283 284 286 299 300 310 263 325 57 299 263 336 336 336 336 337 337 338 338 338 339 339 340 340 340 341 341 341 341 341 341 286 286 342 342 342 343 343 343 343 343 343 343 343 344 344 344 
28,345 346 346 346 346 346 346 347 348 348 349 349 349 349 349 350 350 350 350 350 347 351 351 351 351 351 350 352 353 353 
29,345 347 350 347 353 354 354 354 354 354 354 354 354 354 355 356 356 356 357 358 358 359 359 359 359 360 360 361 361 361 362 362 362 362 362 362 363 363 363 363 364 365 365 365 365 365 365 366 366 366 366 366 367 363 368 368 369 370 
30,351 351 350 350 356 368 371 355 356 372 372 372 347 347 373 373 373 373 374 374 374 374 374 375 375 376 376 377 377 351 351 353 353 350 350 350 378 378 350 350 350 350 379 380 381 381 381 381 381 
31,347 347 351 350 350 353 354 354 354 355 356 356 356 356 357 357 357 357 367 363 371 356 356 356 356 356 377 351 378 382 382 382 382 383 383 383 383 354 354 354 350 350 350 378 363 356 384 384 356 385 385 385 385 385 385 386 386 387 387 387 382 
32,350 354 354 368 356 356 356 377 350 378 350 379 380 381 381 356 356 388 388 388 389 389 389 389 389 389 389 390 390 389 389 391 391 391 391 392 392 393 393 393 393 350 378 394 394 354 
33,354 363 363 364 364 365 363 356 350 350 381 381 381 383 354 356 395 395 395 395 395 395 395 395 354 354 354 354 354 354 354 354 354 354 396 397 397 365 365 365 398 398 398 398 398 398 398 398 399 399 399 399 350 350 378 378 356 356 356 356 354 
34,345 347 350 347 351 351 351 350 350 350 350 352 353 356 356 367 363 355 356 356 356 356 356 356 356 356 356 356 356 356 377 351 351 381 354 350 384 384 354 354 354 396 356 400 400 400 400 400 400 400 400 400 401 401 401 354 401 354 402 402 403 403 404 384 405 405 405 405 405 405 405 
35,345 350 350 350 350 350 350 350 353 354 354 354 355 356 357 357 357 363 363 363 367 368 369 370 378 356 378 354 354 354 354 354 354 354 354 396 350 350 402 384 406 406 384 354 354 354 402 402 402 350 407 407 408 408 408 409 409 409 410 410 410 410 410 410 410 410 410 411 411 412 412 412 
36,151 345 347 350 350 350 350 350 350 350 350 347 353 354 354 356 356 357 357 357 357 363 367 355 383 354 356 354 354 354 354 350 378 402 403 404 354 354 402 402 412 354 354 396 396 404 404 404 404 404 413 413 413 413 413 413 413 413 404 414 414 414 414 414 414 414 414 414 414 414 350 350 350 378 357 357 354 415 415 416 416 416 416 416 417 417 417 417 418 418 418 
37,57 419 419 420 420 420 420 420 421 421 422 422 423 423 423 423 424 424 424 424 424 424 424 424 424 425 425 425 425 425 425 426 426 427 428 428 428 428 428 429 429 430 430 430 430 430 421 421 421 431 431 432 432 432 432 432 432 432 432 433 433 433 434 434 435 435 435 435 436 436 437 437 437 436 436 438 438 439 439 439 439 439 439 439 439 439 439 439 439 439 440 440 440 440 441 432 442 442 442 442 442 443 443 443 443 443 443 443 443 443 443 443 443 443 443 443 443 444 444 444 444 444 444 444 444 444 444 
38,420 420 420 420 420 420 421 421 421 421 421 424 427 427 427 427 429 431 432 434 434 434 434 439 439 440 440 440 441 442 444 445 445 445 431 431 421 446 446 447 447 447 430 430 429 429 420 420 448 448 449 449 427 427 427 442 442 450 450 450 450 451 451 452 452 452 453 453 453 453 432 432 453 453 453 453 440 454 454 454 454 455 455 455 455 455 455 455 455 432 432 455 455 455 456 456 432 432 457 457 458 458 458 458 458 459 459 460 460 460 460 460 460 460 460 460 460 460 460 460 460 460 461 461 462 462 463 463 445 
39,464 464 464 465 465 465 465 465 465 465 465 466 466 466 466 466 466 466 466 466 466 466 466 467 467 467 468 469 469 469 469 469 118 118 470 470 470 470 470 470 470 470 470 470 470 470 471 471 471 471 472 472 473 473 473 473 474 474 475 475 475 475 475 475 475 475 
40,57 118 468 468 469 469 469 476 476 476 469 469 469 477 477 477 477 478 478 478 478 479 479 479 479 479 479 479 479 479 479 118 118 118 480 480 480 481 481 482 482 482 482 482 482 482 482 482 483 483 483 484 484 485 485 485 485 485 485 485 485 485 485 485 485 485 485 485 485 485 486 486 486 486 486 486 486 486 486 487 487 487 488 488 488 489 489 490 490 490 
41,118 464 466 470 470 470 470 470 470 470 472 472 472 472 485 490 490 491 491 491 491 491 118 118 471 471 471 471 471 471 471 471 471 464 470 470 470 470 470 470 470 470 470 492 492 492 492 492 492 492 492 492 492 492 492 492 492 492 492 492 492 493 493 493 493 492 494 494 491 
42,151 469 469 469 118 118 118 118 118 118 118 118 118 471 471 471 471 471 471 471 471 471 472 472 469 469 494 483 469 469 469 469 495 495 496 496 496 496 496 497 497 497 498 498 499 499 499 499 499 500 500 500 500 500 500 500 499 501 501 501 502 502 502 502 502 
43,118 468 468 469 469 469 118 118 118 118 118 470 470 470 470 470 470 470 470 471 471 485 485 485 118 118 118 503 503 503 503 503 503 503 504 504 118 118 505 505 506 506 507 507 508 508 508 509 509 509 510 510 511 511 511 511 511 511 511 511 511 503 
44,38 57 57 118 118 118 442 464 464 464 465 465 465 465 465 466 466 466 466 466 467 467 467 467 468 469 469 469 469 118 118 118 118 118 118 118 472 472 474 479 481 481 481 481 481 481 481 483 483 484 486 486 470 494 483 483 483 512 512 512 512 512 512 512 512 513 514 514 514 514 514 514 515 515 515 515 515 513 513 38 488 451 516 516 516 515 515 514 517 517 515 515 515 515 518 518 518 518 518 518 518 518 518 518 518 518 518 518 519 519 519 519 519 519 519 519 520 520 520 520 521 521 519 519 522 522 518 523 523 523 523 523 523 486 474 524 524 524 524 524 485 464 57 470 470 118 525 525 526 526 526 526 516 512 
45,118 464 464 464 465 465 465 465 465 468 469 118 118 470 470 471 471 472 472 482 483 483 483 483 483 483 484 484 118 118 512 512 514 514 515 488 515 464 470 470 118 527 527 527 527 528 528 528 528 528 528 528 528 528 528 528 528 529 529 529 528 528 528 528 529 528 530 530 530 531 531 531 532 532 532 532 532 532 533 533 533 530 530 533 533 533 533 533 533 533 533 468 482 483 483 483 483 485 485 470 534 534 534 534 534 535 535 535 535 535 483 483 483 512 515 515 536 536 512 537 537 537 537 537 537 537 537 538 538 538 538 538 538 538 538 532 532 539 540 540 528 
46,57 464 464 464 464 464 464 464 464 464 465 465 465 465 465 465 465 466 466 466 466 467 468 469 469 469 469 471 471 472 475 475 475 481 118 469 118 505 505 505 505 505 505 505 505 474 485 464 464 464 528 530 530 532 532 532 532 532 532 532 532 541 541 541 541 542 542 542 532 532 532 542 542 542 543 543 543 543 543 543 543 532 532 532 532 544 544 544 118 118 118 118 505 475 475 475 475 475 475 475 475 541 
47,464 464 465 465 465 465 465 465 465 466 466 466 466 466 466 466 466 466 466 466 468 469 469 469 469 474 474 485 469 469 469 469 469 469 469 469 469 469 118 474 474 118 118 118 118 118 118 545 545 545 545 545 545 545 545 545 545 545 545 545 546 546 545 545 547 547 547 547 548 548 548 547 545 549 549 550 545 548 548 548 548 551 552 552 552 552 552 475 553 553 553 553 554 554 554 545 545 545 545 
48,118 465 118 118 470 470 470 470 470 470 470 470 470 470 470 470 494 483 118 118 513 451 451 451 482 482 538 555 555 555 555 555 555 555 555 555 555 555 451 451 451 556 556 468 468 451 557 557 483 470 470 118 118 118 538 555 534 558 516 555 555 555 559 559 559 559 559 559 555 555 555 555 555 560 
49,118 118 118 464 464 464 464 464 464 464 464 466 466 467 469 469 469 469 469 469 469 469 469 469 118 118 118 471 471 472 472 472 472 472 472 474 474 469 469 469 481 481 481 485 494 494 494 504 118 514 488 516 485 468 118 118 555 555 561 561 561 561 561 561 561 562 562 562 562 563 563 563 563 563 563 564 564 564 564 564 564 118 118 471 467 467 464 514 565 565 565 565 565 565 565 565 566 566 566 555 565 565 565 565 565 563 565 565 565 565 563 
50,151 442 469 469 469 469 469 484 485 485 469 469 469 469 505 512 512 512 513 513 513 513 513 513 514 514 514 514 514 488 516 514 514 512 483 118 118 118 118 118 118 118 118 551 555 563 565 565 565 565 565 563 567 567 567 567 568 568 568 514 514 514 514 514 57 57 57 57 569 569 569 570 570 570 569 570 570 551 571 571 571 571 571 514 570 570 570 570 572 572 572 570 570 512 565 516 571 513 513 513 513 513 571 573 573 573 485 118 574 574 574 574 574 563 563 563 563 563 563 563 563 565 565 565 565 513 513 563 563 563 565 563 574 567 567 575 575 567 
51,118 464 464 464 464 464 472 472 474 474 474 474 474 475 483 483 483 483 470 470 491 491 469 469 469 469 469 469 469 469 469 474 474 474 474 474 474 474 464 482 482 475 555 468 468 563 563 563 563 563 563 568 568 568 570 570 570 571 571 571 571 571 571 567 563 563 483 483 576 576 469 469 577 577 577 577 577 578 578 578 579 579 579 470 570 570 570 
52,469 469 470 469 483 484 482 482 482 470 470 470 470 555 555 555 561 561 561 561 561 561 563 565 563 563 563 563 563 470 555 563 561 580 580 580 580 468 
53,151 464 464 474 474 469 469 483 470 494 494 504 504 504 504 504 504 504 504 504 504 504 451 474 528 483 485 540 551 551 551 551 551 551 551 551 468 464 581 581 581 581 581 581 582 582 582 551 551 551 551 551 551 551 551 483 483 483 483 483 483 483 483 483 483 551 583 583 583 583 583 583 583 583 583 583 583 583 583 583 583 583 584 584 584 584 584 584 584 584 584 584 584 584 584 584 585 585 586 586 586 470 468 494 464 464 464 587 587 587 588 588 588 588 588 588 588 589 589 590 590 591 591 591 591 591 591 592 592 
54,483 483 483 532 551 555 555 566 593 593 594 594 594 594 594 595 595 595 595 595 595 555 555 555 555 596 596 596 596 596 596 596 597 597 597 597 597 597 597 597 597 597 597 597 597 597 597 598 598 598 598 598 598 598 598 599 599 599 599 599 599 600 600 600 601 601 601 532 593 
55,118 118 464 464 464 464 468 469 469 469 472 472 474 474 474 474 474 474 474 474 474 474 474 474 470 470 470 494 494 494 494 494 494 494 494 494 491 491 483 469 485 470 468 118 538 555 555 555 602 602 602 602 602 602 602 602 603 603 603 603 603 603 603 469 469 491 555 555 555 555 555 555 603 603 
56,57 57 151 151 474 474 481 481 483 486 486 486 486 486 471 469 504 505 512 512 513 513 513 514 514 514 515 515 515 515 515 515 515 515 451 516 516 516 516 516 516 514 514 514 57 57 470 482 482 482 482 482 482 538 540 540 540 475 551 555 451 468 468 468 468 557 534 558 565 118 118 470 470 604 604 512 512 513 513 513 512 512 513 605 576 576 606 606 607 607 607 607 608 608 608 608 608 608 608 608 608 609 609 609 609 609 609 609 504 468 610 610 450 450 
57,57 118 469 469 469 118 118 118 118 118 118 118 470 470 484 484 484 485 485 485 485 485 485 470 470 611 611 611 611 611 611 611 611 612 612 612 613 613 613 614 614 614 614 614 614 614 470 
58,514 538 539 555 555 512 576 615 615 615 615 615 616 616 616 616 616 616 616 617 617 617 617 617 618 618 618 618 619 619 619 619 620 620 621 621 621 538 619 622 622 622 623 623 624 624 625 625 616 616 616 616 616 616 616 555 555 626 626 626 627 627 627 627 627 628 628 629 629 629 629 629 630 630 630 631 631 632 632 633 634 635 635 616 627 627 636 636 636 636 636 636 637 637 638 638 638 639 639 640 640 640 641 641 641 641 539 539 539 539 539 539 539 615 
59,512 513 515 538 513 616 616 627 627 627 627 627 627 627 628 628 629 629 629 629 629 630 627 627 627 627 627 627 627 627 639 639 639 639 639 639 639 639 639 639 639 639 642 642 642 643 643 643 643 643 643 643 643 644 644 644 644 644 644 644 644 644 644 644 644 645 645 645 645 645 646 646 646 646 646 646 647 647 648 648 515 515 515 515 538 649 649 649 649 650 650 650 650 651 651 651 650 652 652 652 652 652 652 652 653 654 655 655 655 656 656 656 513 630 630 630 630 630 630 657 657 657 658 658 658 652 652 652 652 
60,538 57 513 513 513 513 616 616 616 616 616 627 627 627 628 628 629 630 631 631 632 633 633 634 634 635 635 616 616 616 616 616 653 654 654 655 656 656 513 659 659 659 660 660 661 661 661 661 661 661 661 662 662 662 663 663 663 664 664 664 664 665 665 666 666 666 667 667 667 668 668 669 669 669 669 670 670 671 671 671 671 671 671 671 671 671 671 671 672 672 672 672 672 672 672 672 673 673 673 673 674 674 672 672 672 672 616 675 675 676 676 677 677 676 676 676 676 676 676 676 676 676 676 676 678 678 678 678 678 679 679 678 678 680 680 680 680 680 681 681 681 681 682 682 682 682 629 629 630 630 538 655 616 628 683 683 683 683 684 684 684 684 684 684 685 685 685 685 685 513 513 686 686 686 687 687 688 688 659 
61,515 540 549 551 558 576 628 628 628 628 629 629 627 627 627 630 630 628 628 689 689 689 690 690 690 690 690 690 690 690 689 689 689 689 551 691 691 692 692 692 693 693 693 693 693 693 694 694 693 693 693 693 695 695 695 695 696 696 697 697 698 698 699 699 699 699 699 699 699 700 700 700 701 701 702 702 703 703 703 690 704 704 704 704 704 704 704 704 704 704 705 705 705 705 705 705 705 705 706 706 706 706 706 706 707 707 708 708 708 708 709 709 709 709 709 709 709 709 710 710 710 710 711 711 711 711 711 711 711 711 711 711 712 712 712 712 712 713 713 713 713 713 713 713 713 713 713 714 714 714 714 714 714 715 715 715 715 715 715 715 715 715 715 540 540 716 716 716 716 716 716 716 716 716 716 716 717 717 718 718 718 718 629 629 629 630 630 630 630 630 719 719 720 720 713 492 721 721 722 722 722 722 722 
62,512 512 513 513 551 551 557 538 516 512 513 513 576 610 610 628 628 628 629 629 616 627 627 627 628 628 723 723 723 723 723 723 723 723 723 724 724 724 723 723 723 725 725 726 726 726 727 727 727 727 727 727 727 727 628 727 727 727 727 727 728 728 728 728 729 729 729 729 729 729 730 730 730 730 730 731 731 731 731 731 731 731 731 732 732 732 732 733 733 733 734 734 735 735 735 735 735 735 736 736 736 736 736 736 737 737 737 737 737 737 737 737 737 737 737 738 738 738 738 738 739 739 739 739 740 740 740 740 741 741 741 741 741 742 742 741 741 741 743 743 743 744 744 744 744 744 744 744 744 744 744 745 745 746 746 746 512 512 512 512 512 512 512 512 512 512 747 747 747 747 748 748 748 748 748 749 749 750 750 750 750 750 750 750 750 751 751 752 752 752 752 752 752 753 753 754 754 754 755 755 755 756 756 756 756 757 757 757 757 757 757 758 758 759 759 759 760 760 760 748 748 748 761 761 538 538 538 538 538 512 538 512 761 610 513 513 762 762 762 763 763 764 764 765 765 766 766 766 766 766 765 627 627 767 767 767 767 767 767 767 768 768 768 768 769 769 769 769 769 769 
63,488 57 57 610 719 719 719 770 57 771 771 771 772 772 772 772 772 773 772 772 772 772 774 774 775 776 777 514 57 57 778 778 778 778 779 779 779 779 779 779 780 780 780 780 781 782 782 783 783 783 783 783 784 784 784 784 784 784 785 785 785 785 786 783 787 788 719 
64,514 57 770 773 775 776 777 514 778 783 783 783 783 783 783 785 786 787 788 488 488 778 488 789 789 789 789 790 790 790 790 791 791 784 784 784 784 784 784 784 784 57 792 792 792 
65,118 516 515 451 513 512 770 772 772 772 772 772 772 57 781 781 783 783 784 786 784 792 792 792 793 794 794 772 773 795 776 796 515 513 797 797 798 798 798 798 513 799 799 799 799 799 800 800 800 800 118 38 801 801 801 802 802 802 802 802 802 802 787 
66,488 488 516 515 451 516 555 513 772 772 774 57 783 783 783 783 787 788 784 784 57 792 794 773 118 803 803 804 805 805 805 805 805 805 805 772 774 806 806 806 806 795 795 796 807 807 807 807 808 808 808 808 809 809 809 810 810 810 810 811 811 811 488 488 488 488 488 488 488 786 516 
67,488 556 538 555 57 513 719 772 792 792 796 556 556 556 804 772 773 812 538 538 813 813 813 813 813 813 814 814 814 814 814 814 814 814 814 783 783 783 783 783 719 719 719 719 719 719 719 538 815 815 815 787 787 
68,488 516 773 783 783 783 783 783 787 788 784 784 784 784 784 784 784 792 792 118 118 807 807 807 812 538 813 815 816 816 816 57 777 813 813 817 817 818 818 819 819 488 807 815 784 784 
69,57 57 512 488 451 515 451 451 468 772 772 772 772 772 772 772 774 774 782 782 783 783 783 783 783 783 783 784 788 791 791 784 784 792 792 793 794 794 515 513 118 806 795 772 772 783 815 820 820 820 772 775 806 806 806 806 806 796 821 821 821 821 451 822 822 822 822 822 822 823 823 824 824 824 791 57 
70,57 515 38 451 515 515 515 719 492 492 770 773 775 776 777 57 778 781 781 782 784 786 719 791 784 57 118 118 118 118 38 38 787 813 488 825 825 825 825 825 826 826 826 826 826 791 492 515 
71,513 451 576 773 772 772 57 792 794 794 795 796 804 807 807 807 807 807 807 808 786 516 516 772 772 807 488 787 788 776 807 807 807 807 807 827 827 827 827 827 828 828 828 828 828 828 828 828 829 829 830 830 830 830 831 831 831 832 832 832 832 832 
72,514 488 488 557 512 772 772 772 772 772 772 772 772 772 772 774 778 782 782 782 782 782 783 783 783 783 783 783 783 783 783 783 783 783 783 783 783 488 784 784 792 792 805 805 774 806 806 806 806 806 806 820 820 820 820 775 788 833 833 833 833 833 833 833 833 833 794 773 557 776 776 820 834 834 834 835 835 835 835 835 833 
73,514 836 837 838 839 840 840 841 842 843 844 845 846 847 848 849 850 851 852 853 854 855 855 855 855 856 857 858 859 860 861 862 863 864 865 866 867 868 869 870 871 872 873 874 875 876 876 876 876 877 878 879 880 880 
74,836 840 880 837 880 838 839 840 840 840 840 881 881 881 881 881 881 881 881 881 881 881 881 881 882 883 881 795 795 795 795 884 885 885 885 886 844 887 888 848 889 890 891 892 893 894 894 894 856 859 895 895 896 862 897 897 898 898 864 899 899 899 900 901 902 903 904 905 872 906 874 907 907 907 907 907 907 907 
75,837 842 843 845 846 847 848 849 850 851 852 853 854 875 864 906 874 841 844 887 908 856 909 859 859 859 862 863 910 910 911 911 911 900 912 912 912 869 870 870 874 
76,442 795 881 795 894 894 895 864 900 903 904 905 872 795 795 844 844 913 914 844 915 916 917 918 919 919 919 919 919 920 920 920 921 921 922 922 922 923 923 893 893 894 924 925 925 926 927 
77,895 895 900 901 795 795 844 844 844 913 914 915 916 917 918 925 926 927 795 795 795 795 795 928 928 928 929 929 930 930 931 931 893 894 894 894 
78,872 874 880 880 880 837 839 840 840 881 881 881 881 881 881 881 883 795 795 884 885 885 892 893 894 894 894 895 864 864 900 901 902 903 904 905 906 906 906 907 795 844 844 844 914 915 917 918 924 925 926 932 880 933 878 934 840 935 844 515 881 881 916 936 936 936 936 936 936 936 936 876 876 876 876 
79,512 515 795 841 844 847 857 858 859 860 861 862 863 865 866 867 869 870 871 872 878 880 880 880 880 837 881 881 881 881 881 881 881 881 881 881 882 882 795 795 884 885 885 886 848 889 890 891 892 893 894 864 907 869 795 844 844 932 933 934 840 935 881 840 840 880 881 881 885 795 881 881 887 937 937 937 937 937 937 937 937 937 876 876 876 
80,836 837 838 839 840 841 842 843 845 848 852 853 854 856 860 862 863 864 865 866 867 868 869 870 871 872 873 874 875 876 876 877 878 879 880 844 887 888 889 890 891 859 896 908 909 795 840 880 840 938 938 938 938 938 876 876 
81,468 939 939 940 940 940 468 
82,941 941 941 942 942 941 
83,943 943 943 943 944 944 944 
84,945 945 945 946 946 946 
85,947 947 948 948 947 
86,949 949 949 950 950 951 951 949 
87,549 549 549 
88,952 952 952 952 952 953 953 953 953 
89,442 515 468 719 719 954 954 955 956 956 956 957 957 957 957 957 958 958 958 958 959 960 960 960 960 961 962 963 964 965 965 966 966 966 966 966 966 960 967 967 967 968 968 969 969 970 57 971 972 972 512 512 973 973 974 974 975 974 976 957 
90,123 512 513 488 488 512 540 719 961 961 962 963 964 974 974 976 977 977 977 978 977 977 979 979 979 979 979 979 979 979 57 980 980 979 488 981 981 982 512 983 512 512 984 984 985 986 987 988 988 988 970 989 990 990 991 991 991 992 992 992 992 993 974 974 994 994 994 995 995 995 996 997 997 998 998 998 998 
91,57 123 512 512 451 538 57 513 513 719 959 961 961 961 962 968 968 978 980 488 981 982 983 984 985 986 970 989 993 996 999 1000 959 1001 968 451 451 1002 1002 488 1003 1004 1004 616 616 538 469 469 963 1005 1006 1006 1006 990 1007 1007 1008 1008 968 1009 1009 1009 1010 1010 1011 1011 1012 1012 1012 1012 1012 1013 1013 1014 1014 1015 1015 
92,513 515 958 958 959 961 961 961 968 968 968 970 974 975 974 974 976 976 979 488 488 982 982 982 512 984 987 988 993 999 1000 1001 1001 451 1002 1002 488 963 1012 1016 1016 1016 975 975 1016 1016 1017 1017 962 1018 986 988 984 989 971 972 972 1019 1019 1020 1020 1020 1020 513 513 513 1021 1021 1021 719 719 1012 1022 1022 
93,57 514 551 556 557 558 513 512 492 954 955 956 956 957 957 957 960 969 969 970 971 972 512 973 973 974 974 975 974 974 976 1005 962 1018 954 954 514 514 1023 1024 1024 492 492 492 1025 1025 1025 1018 1026 988 442 968 973 
94,558 558 516 516 555 513 513 492 969 970 971 972 975 985 986 987 989 968 1009 1013 1013 962 1018 1020 1023 988 442 955 513 969 972 512 512 1027 1028 1028 1028 1028 1029 1029 1029 1030 1030 1030 1030 1031 1031 1013 
95,539 540 551 538 558 513 513 513 610 719 719 968 976 1002 1013 1013 972 1019 1027 1030 1013 1013 1032 1032 1033 1033 958 999 999 1034 1034 1034 1035 1035 1036 1036 1036 538 538 610 1037 1037 1037 985 1005 1038 1038 539 539 972 1039 1039 1039 1039 1040 1040 1040 1041 1041 1042 1042 1027 1027 1030 
96,442 512 558 513 719 956 956 957 957 961 961 962 964 971 972 972 512 974 974 57 984 985 993 996 963 1005 968 975 984 513 1021 1026 1027 1027 957 961 988 988 988 57 512 512 512 512 512 512 512 1043 1043 1044 1044 1021 1021 956 
97,555 560 610 492 1045 1045 1045 1046 1047 1047 1047 1048 1048 1048 1048 555 555 555 555 555 1049 555 555 555 555 1050 1050 1050 1050 1051 1050 1050 1050 1050 1050 1050 1050 1050 1052 1052 1052 1052 1052 1053 1052 1052 1052 1052 1052 1052 1054 1055 1056 1057 1058 442 1059 1060 1061 1062 1063 1063 1063 1063 1064 1063 1063 1063 1065 1065 1065 1066 1067 1067 1067 1067 1067 1067 1067 1067 1067 1068 1069 1069 1069 1069 1069 1069 1069 
98,118 515 560 560 514 1048 1048 1059 1060 1067 1067 1069 1049 1051 1053 1053 1055 1070 1070 1057 1058 1058 610 560 118 1069 1071 1071 1072 1072 1072 1072 1073 1073 1073 1074 1075 1075 1075 1075 1075 1075 1075 1076 1048 
99,38 57 1047 1047 1047 1047 1047 1048 1048 1060 1061 1062 1063 1070 1057 1076 1048 1046 1077 1077 1078 1078 1078 1078 1049 1049 1053 1055 1058 1058 1079 1079 1080 1080 1081 1081 1081 1081 1081 1081 1081 1082 1082 1082 1082 1083 1083 1084 1084 1085 1085 1085 1086 1086 1086 1086 1086 1086 1086 1086 1086 1048 
100,38 1005 1050 1050 1050 1073 1048 1081 1081 1081 1048 1048 1048 1048 1087 1087 1087 1087 1087 1087 1087 1087 1087 1087 1088 1088 1087 1087 1089 1089 1090 1090 1091 1050 1050 1050 1092 1092 1092 1092 1093 1092 1092 1092 1094 1094 1094 1094 1094 1095 1096 1097 1097 1058 1058 1098 1099 1099 1100 1101 1063 1102 1102 1073 1081 1081 1103 1103 1103 1103 1103 1103 1103 1104 1104 1087 1087 1087 
101,57 442 557 555 560 1046 1049 1051 1053 1054 1055 1056 1058 1059 1060 1061 1066 1068 1057 1079 1080 1081 1081 1086 1086 1086 1086 1086 1105 1105 1106 1106 1106 1106 1106 1106 1106 1106 1106 1107 1107 560 1062 1063 1063 516 1086 1086 1086 1086 1086 1108 1108 1108 1087 1109 1109 1109 1109 1109 1109 1109 
102,1046 1047 1047 1047 1047 1047 1047 1048 1049 1051 1053 1054 1055 1056 1057 1058 1064 1066 1068 1073 1073 1074 1075 1075 1075 1075 1048 1048 1048 1048 1063 1063 1073 1047 1047 1047 1047 442 1110 1110 1110 1110 1110 1110 1110 1110 1111 1111 1111 560 1060 1060 1062 1063 1074 
103,514 513 38 516 451 557 881 1063 1048 1058 1079 1048 1088 1091 1093 1095 1096 1097 1098 1099 1100 1101 1102 1104 1104 1104 1104 1087 1097 1058 514 38 1112 1113 1113 881 881 1114 1114 1114 1104 1104 
104,514 38 539 557 560 514 881 1048 1048 1048 1048 1048 1053 1055 1057 1058 1076 1081 1063 1063 1111 514 38 1112 1112 1112 1112 1112 1112 1112 1112 515 515 515 1048 1048 1048 1048 1048 1048 539 1053 1115 1115 1115 1115 1115 1115 881 1115 1115 1116 1116 514 514 514 514 1117 1117 1117 
105,1118 1118 1118 1118 1118 1119 1119 1119 1119 1119 1119 1119 1119 1119 1120 1120 1120 1121 1122 1122 1122 1123 1123 1123 1123 1118 
106,1119 1119 1119 1119 1119 1119 1119 1119 1124 1124 1124 1125 1125 1126 1126 1126 1127 1127 1127 1128 1128 1128 1128 1128 1128 1128 1128 1128 1128 1128 1129 1129 1129 1129 1130 1130 1130 1130 1130 1130 1130 1130 1131 1131 1131 1131 1131 1131 
107,1119 1119 1119 1118 1129 1130 1130 1130 1131 1131 1132 1132 1132 1132 1132 1131 1131 1131 1131 1131 1131 1133 1133 1119 1119 1134 1134 1134 1135 1135 1136 1136 1136 1136 1136 1136 1136 1136 1137 1137 1137 1137 1137 1138 1138 1138 1138 1138 1129 1129 1129 1130 1130 1130 1130 1130 1130 
108,515 1139 1139 1139 1139 1140 1140 1140 1140 1140 1140 1140 1140 1140 1140 1141 1141 1142 1142 1142 1142 1143 1143 1140 1140 1140 1140 1140 1140 1140 1144 1144 1144 1144 1144 1144 1145 1145 1146 1146 1147 1147 1148 1148 1148 1149 1149 1149 1150 1150 1150 1151 1151 1139 
109,488 557 492 1005 1119 1119 1119 1119 1119 1119 1119 1119 1119 1119 1119 1119 1148 1148 1148 1139 1119 1119 1119 1119 1152 1152 1119 1119 1119 1148 1153 1153 1153 1153 1153 1153 1153 1153 1005 1005 1005 1154 1154 1154 1154 
110,251 515 515 515 968 1118 1119 1119 1119 1119 1119 1119 1119 1119 1119 1119 1121 1121 1118 1118 1132 1132 1132 1119 1119 1139 1139 1139 1139 1139 1139 1139 1119 1155 1155 1155 1155 1155 1155 1155 1156 1156 1157 1157 1157 1157 1158 1158 1159 1159 1159 1160 1160 1160 1160 1160 1160 1160 1161 1161 1161 1161 1161 1161 1161 1162 1162 1162 1162 1162 1162 1162 1162 1162 1162 1162 1162 1162 1162 1139 1163 1163 1163 1155 
111,515 1005 1005 1121 1118 1128 1128 1128 1128 1149 1149 1119 1155 1156 1159 1164 1164 1164 1164 1164 1165 1165 1165 1165 1165 1165 1165 1165 1165 1165 1165 1164 1164 1164 1164 1164 1164 1166 1166 1166 1166 1167 1167 1167 1167 1167 1167 1168 1168 1168 1168 1168 1168 1168 1165 1165 1165 1165 1169 1170 1170 1170 1171 1171 1171 1171 1171 1150 1172 1172 1173 1173 1173 1156 1156 1174 1174 1174 
112,442 1121 1128 1128 1128 1144 1144 1144 1144 1144 1144 1119 1119 1119 1119 1159 1159 1159 1165 1165 1165 1165 1165 1165 1165 1165 1169 1169 1169 1169 1169 1175 1175 1175 1175 1175 1175 1176 1176 1128 1177 1177 1178 1178 1179 1179 1179 1179 1179 1179 1180 1180 1181 1181 1181 1144 1144 
113,1182 1182 1182 1183 1183 1182 
114,1184 1184 1184 1185 1185 1186 1186 1184 
115,549 549 549 1187 1187 1187 1187 1188 1188 1189 1189 549 
116,1190 1190 1190 1190 1190 1191 1191 1192 1192 1191 1190 
117,549 549 549 549 549 549 549 1193 1193 549 549 549 549 
118,1194 1194 1194 1194 1195 1195 1194 
119,1196 1196 1196 1196 1197 1197 1198 1198 1196 
120,1199 1199 1200 1200 1200 1201 1201 1202 1202 1203 1203 1199 
121,1204 1204 1204 1204 1204 1205 1205 1205 
122,1206 1206 1206 1207 1207 1206 
123,1208 1208 1209 1209 1209 
124,1210 1210 1210 1211 1211 1211 
125,1212 1212 1212 1212 1213 1213 1212 
126,1214 1214 1214 1215 1215 1214 
127,1216 1216 1216 1216 1216 1216 1217 1217 1217 
128,1218 1218 1218 1219 1219 
129,539 1220 1220 1220 1221 1221 1221 1222 1222 1222 1223 1223 539 1224 1224 1223 
130,539 551 1225 1225 1225 1225 1226 1226 1227 1227 1226 1226 1226 1226 1226 1226 1228 1228 1228 
131,1229 1229 1230 1230 1229 
132,1231 1231 1231 1231 
133,1232 1232 1232 1232 1232 1233 1233 1233 
134,610 1234 1234 1234 1234 1235 1235 1235 610 610 
135,1236 1236 1237 1237 1238 1238 
136,1239 1239 1239 
137,1240 1240 1240 1241 1242 1242 1242 1242 1242 1242 1242 1243 1243 1244 1244 1244 1245 1246 1247 1248 1249 1250 1251 1252 1253 1254 1255 1256 1257 1258 1259 1260 1260 1261 1261 1262 1263 1264 1265 1266 1267 1268 1268 1269 1269 1270 1270 1270 1271 1272 1272 1273 1274 1274 1274 1274 1274 1275 
138,1241 1244 1255 1255 1273 1276 610 1277 1278 1278 1247 1279 1279 1279 1279 1279 1250 1250 1250 1254 1280 1281 1255 1255 1282 1282 1282 1282 1282 1283 1284 1269 1269 1269 
139,1255 1270 1272 1254 1281 1255 1255 1282 1284 1269 1285 1285 1285 1286 1286 1286 1286 1286 1286 1287 1287 1288 1288 1288 1288 1288 1288 1255 1289 1289 1289 1289 1285 1290 1290 1291 1291 1291 1291 1291 1292 1292 1272 1272 1293 
140,1287 1292 1294 1294 1295 1295 1295 1295 1295 1295 1295 1295 1294 1294 1242 1242 1242 1242 1296 1297 1297 1297 1298 1298 1299 1299 1299 1299 1299 1295 1295 1258 1300 1300 1300 1300 1300 1301 1301 1301 1301 1302 1302 1302 1302 1303 1303 1302 1302 1302 1302 1292 1304 1304 
141,616 1005 1243 1285 1291 1292 1292 1293 1242 1302 1292 1292 1305 1305 1306 1307 1308 1308 1308 1308 1309 1309 1308 1310 1310 1310 1247 1247 1247 1311 1311 1247 1247 1243 1243 1243 1312 1312 1313 1313 1309 1309 1312 1314 1246 1246 1246 1315 1315 1315 1316 1316 1316 1317 1317 1256 1257 1318 1318 1319 1319 1319 1302 1318 1318 1311 1320 1320 1320 1320 1320 1321 1321 1322 1322 1322 1315 1323 1323 1324 1324 1272 
142,1241 1244 1244 1244 1245 1246 1247 1248 1249 1250 1251 1252 1253 1254 1255 1258 1267 1268 1269 1270 1271 1272 1275 1254 1281 1255 1282 1282 1284 1269 1288 1242 1242 1302 1302 1303 1302 1302 1302 1305 1306 1307 1308 1247 1314 1256 1293 1247 1325 1326 1308 1302 1302 1270 1273 1327 1327 1288 1328 1328 1328 
143,1247 1273 1286 1295 1295 1258 1247 1325 1285 1329 1329 1329 1330 1330 1330 1331 1331 1285 1285 1285 1295 1247 1332 1332 1332 1332 1267 
144,610 1243 1253 1254 1255 1256 1257 1259 1260 1261 1261 1262 1263 1264 1265 1266 1268 1269 1270 1271 1273 1276 1277 1280 1282 1283 1285 1287 1294 1242 1296 1302 1302 1305 1294 1294 1242 1243 1276 1246 1246 1246 1333 1333 1333 1270 1270 1334 1334 1334 1334 1335 1335 1336 1336 1294 1294 
145,1337 1337 1337 1337 1338 1338 1338 
146,1339 1339 1340 1340 1341 1341 1341 1339 
147,532 1302 1342 1342 1343 1343 1343 1344 1344 1344 1343 1343 1345 1345 1346 1346 1346 1347 1347 1302 1344 
148,1348 1348 1348 1349 1349 1350 1350 1348 
149,1351 1351 1351 1351 1352 1352 1352 1353 1353 1353 1353 
150,1354 1354 1354 1354 1355 1355 1356 1356 1356 
151,1357 1357 1357 1358 1358 1358 1358 1358 1359 1359 1357 
152,1360 1360 1360 1360 1361 1361 1361 1361 1362 1362 1362 1361 1361 1361 1363 1363 
153,557 563 719 1004 1005 1314 1364 1365 1365 1366 1366 1366 1366 1366 1366 1367 1367 1367 1368 1368 1366 1366 1366 1366 1369 1369 1369 1369 1369 1370 1370 1371 1369 1369 1369 1372 1372 1372 1373 1373 1373 1373 1373 1373 1373 1373 1374 563 563 
154,533 551 565 513 599 741 968 1164 1302 1366 1366 1366 1366 1375 1375 1375 1373 1376 741 1376 1376 1377 1378 1379 1380 1380 1381 1381 1381 1381 1382 1383 1384 1384 1384 1384 1384 1384 1384 1385 1385 1385 1386 1386 1387 1387 1388 1388 1388 1388 1388 1388 563 1366 1366 1389 1389 1390 1390 1390 1390 1390 1391 1391 1391 1391 1375 
155,442 719 719 741 968 488 1302 1314 1369 741 1376 1376 1378 1380 1380 1381 1383 1384 1385 1385 1392 1380 1380 1381 1381 1381 1381 1381 1381 1381 1393 1393 1394 1394 1395 1395 1396 1396 1396 1396 1396 1396 1396 1396 1396 1397 1397 1397 1398 1398 1399 1399 1399 1399 1400 1400 1400 1400 1400 1376 719 1376 1381 741 563 563 741 1401 1401 1402 1402 1403 1403 1403 1325 
156,512 512 512 550 563 563 1005 741 741 1383 1388 741 1404 1404 1404 1405 1405 1406 1406 1407 1407 1407 1408 1409 1409 1409 1409 550 550 550 1410 1410 1410 1410 1410 1410 1410 1410 1411 1411 1412 1412 1413 1413 1413 512 968 
157,513 741 616 1005 1302 1243 1243 1314 1314 1375 1376 741 1376 1376 1376 1377 1378 1379 1381 1381 1381 1381 1382 1383 1383 1383 1392 1393 1394 1394 1399 1376 741 1408 1408 1408 1408 1409 1409 1409 550 1414 1414 1414 1414 1414 1414 1414 1414 1376 1393 1376 1415 1416 1416 1416 1417 1417 1417 1417 1417 1302 1418 1418 1399 1302 1419 1419 1419 1420 1420 1409 1421 1421 1422 1422 1422 1422 
158,451 557 599 512 719 719 741 968 1325 1364 1365 1367 1367 1369 1369 1369 1369 1369 1369 1370 1371 1371 1369 1369 1374 741 741 1376 1376 1376 1383 1384 1388 1394 1397 1398 1376 1376 1376 563 741 741 1408 1408 1408 1393 1415 1408 1408 1408 1408 1408 1258 1258 1258 1258 1258 1258 1393 1376 1243 1423 1423 1396 1396 451 451 1424 1424 1425 1425 1425 512 1425 1397 1397 719 719 719 1376 1376 1426 1426 1426 1426 1426 1426 
159,515 512 1243 1427 1427 1427 1428 1428 1429 1429 1430 1430 1431 1431 1432 1432 1432 1432 1433 1433 1433 1433 1429 1434 1434 1434 1435 1435 1435 1435 1435 1435 1435 1435 1430 1436 1436 1436 1436 
160,610 1428 1429 1429 1431 1432 1432 1432 1432 1434 1435 1435 1435 1435 1435 1435 1435 1435 1435 1435 1435 1435 1435 1435 1435 1436 1436 1436 1436 1437 1437 1436 1435 1438 1438 1438 1438 1438 1438 1438 1438 1438 1438 1438 1429 1439 1439 1439 1439 1439 1439 1439 1439 1439 1439 1439 1440 1440 1441 1441 1442 1443 1443 1444 1444 1444 1428 1444 1444 1444 1444 1445 1445 1445 1445 1445 1445 1445 1446 1446 1435 
161,515 532 607 492 1427 1427 1428 1428 1428 1429 1429 1430 1430 1431 1431 1431 1432 1432 1432 1432 1434 1434 1435 1435 1435 1430 1430 1447 1447 1447 1447 1447 1448 1448 1448 1448 1448 1448 1448 1448 1448 1448 1448 1429 1429 1435 492 492 1449 1449 1450 1450 1450 1450 1450 1450 1450 607 607 607 607 607 607 1447 
162,515 515 607 607 1451 1451 1451 1451 1451 1452 1452 1452 1452 1452 1452 1452 1453 1453 1453 1452 1452 1452 1452 1454 1454 1454 1454 1454 1454 1454 1455 1455 1455 1456 1456 1456 1457 1457 1457 1457 968 968 607 607 1458 1458 1459 1459 1460 1460 1461 1461 1461 1451 1451 
163,516 1428 1428 1429 1429 1429 1431 1431 1432 1432 1432 1432 1435 1435 1435 1435 1435 1437 1429 1440 1440 1441 1442 1443 1435 1461 1461 1461 1462 1462 1462 1462 1462 1462 1462 1462 1462 1462 1463 1463 1463 1463 1463 1463 1441 1435 1435 1435 1435 1435 1461 1464 1464 1465 1465 1466 1466 1466 1467 1467 1467 1467 1467 1467 1467 
164,514 557 1427 1427 1427 1428 1428 1429 1429 1429 1429 1430 1430 1430 1430 1468 1468 1468 1468 1469 1469 1469 1469 1469 1469 1470 1470 1470 1470 1470 1470 1470 1470 
165,539 1004 1427 1427 1427 1428 1428 1430 1430 1430 1435 1435 1435 1435 1435 1435 1435 1435 1435 1435 1435 1435 1435 1435 1430 1435 1435 1435 1438 1438 1438 1438 1438 1438 1438 1438 1438 1438 1438 1439 1439 1429 1453 1439 1439 1439 1439 1439 1439 1439 1429 1429 1429 1429 1471 1471 1471 1471 1471 1471 1471 1472 1472 1472 1473 1473 1473 1473 1474 1474 1474 1435 
166,451 1243 1427 1428 1428 1429 1429 1429 1435 1435 1435 1435 1435 1435 1437 1435 1435 1435 1435 1435 1435 1435 1435 1438 1438 1438 1438 1438 1438 1429 1439 1439 1440 1428 1448 1439 1439 1439 1439 1439 1439 1439 1475 1475 1475 1475 1476 1476 1476 1429 1429 1429 1429 1477 1477 1477 1477 1477 1477 791 791 1478 1478 1478 1478 1479 1479 1480 1480 1480 1480 1480 1480 1480 1480 1480 1480 1480 451 
167,442 515 538 555 513 1481 1481 1481 1482 1482 1482 1482 1482 1481 1483 1483 1484 1484 1484 1485 1485 1486 1486 1487 1487 1487 1487 1488 1489 1489 1489 1489 1489 1489 1489 1489 1489 1489 1489 1489 1489 1489 1490 1490 1490 1490 1490 1490 1490 1491 1491 1491 1491 1491 1492 1492 1492 1492 1492 1492 1492 1492 442 1493 1493 1494 1494 1481 
168,442 513 551 538 513 1004 1376 1484 1484 1484 1485 1489 1489 1489 1489 1489 1489 1489 1489 1490 1490 1490 1490 1490 1490 1490 1490 1490 1490 1490 1490 442 442 1495 1495 1496 1496 1496 1496 1496 1496 1495 1495 513 1004 1004 1004 1004 1004 1497 1497 1497 1497 1497 1497 1497 442 442 442 442 442 
169,538 1482 1482 1482 1482 1482 1498 1498 1498 1498 1498 1498 1499 1499 1499 1499 1499 1500 1500 1500 1500 1501 1501 1502 1502 1502 1503 1503 1503 1503 1503 1503 1503 
170,550 513 513 605 719 1004 1005 1005 1005 1005 1005 1005 1164 1311 1311 1429 968 1488 1488 513 1504 1504 1504 1504 1504 1005 1005 1484 1505 1505 1505 1505 1505 1505 1506 1506 1506 1506 1506 1507 1507 1507 1507 1507 1507 1507 1508 1508 1508 1509 1509 1509 1489 1510 1510 1510 1510 1510 1510 1510 1510 1510 1510 1511 1511 1511 1511 1511 1511 1511 
171,565 57 1003 1004 616 1325 1484 1512 1512 1512 1512 1513 1513 1513 1513 1513 1513 1514 1514 1514 1514 1515 1515 1516 1516 1516 1517 1517 1484 1003 1003 1003 1003 1518 1518 1518 1518 1518 1518 1518 1518 1519 1519 1519 1519 1519 1519 1519 1519 1519 1519 1519 1519 1520 1520 1520 1520 1520 1520 1520 1521 1521 1521 1521 1521 1521 
172,442 539 565 1002 1376 1425 1376 1376 1376 1485 1488 1488 1488 1488 1488 1488 1488 1488 1488 1488 1498 1498 1498 1498 1498 1498 1498 1498 1498 1498 1484 1484 1484 1484 1484 1484 1484 1484 1522 1522 1522 1522 1522 1522 1485 1523 1523 1523 1523 1523 1523 1523 1523 1524 1524 1525 1525 1525 1526 1526 1526 1526 1526 1526 1526 1526 1527 1527 1527 1528 1528 1528 1528 1528 1529 1529 1529 1530 1530 1530 1530 
173,427 515 451 565 565 968 1003 1003 1003 1003 1003 1003 1003 1003 1003 1003 1003 1003 616 1383 1383 968 968 968 1488 1488 1488 1488 1488 1488 1488 1488 1488 1523 1524 1383 1383 1383 1383 1531 1531 1531 1531 1531 1531 1383 1383 1383 968 451 968 1532 1532 1532 1524 1524 565 1003 1003 1003 1533 1533 1533 1533 1533 1533 1533 1533 1533 1533 1533 1533 1003 1484 1484 1484 1484 1534 1534 1534 1535 1535 
174,565 513 513 968 616 1302 1326 1376 1376 1376 1376 1376 1376 1429 1484 1484 1484 1484 1484 1003 1518 1518 1484 1536 1536 1536 1536 1536 1536 1536 1537 1537 1537 1537 1537 1537 1484 1429 1538 1538 1538 1538 1538 1538 1539 1539 1539 1539 1326 1326 1540 1540 1541 1541 1542 1542 1542 1542 1542 1376 1376 1543 1543 
175,533 533 533 533 563 563 563 1005 1005 1544 1544 1544 1544 1545 1545 1545 1546 1546 1547 1547 533 1548 1548 1549 533 533 1550 1550 1550 1551 1551 1551 1551 1551 1551 1551 1551 1551 1551 1552 1553 1553 1553 1554 1554 1555 1555 1555 1555 1556 1556 1556 1556 1557 1557 1556 1556 1556 
176,563 563 563 563 741 741 1005 1258 1545 1545 1545 1550 1553 1555 1555 1556 1556 1556 1557 1556 1556 1556 1556 1557 1558 1558 1558 1558 563 563 1559 1560 1560 1560 1560 1561 1561 1562 1563 1563 1564 1564 1565 1565 1566 1566 1566 741 741 741 741 741 563 1567 1567 1567 1567 1556 
177,533 533 539 488 1544 533 533 1548 1549 1549 1549 533 533 1550 1552 1552 1556 1556 1556 1556 1561 533 533 1568 1568 1568 1569 1569 1569 1570 1570 1571 1571 1571 1572 1572 1572 1573 1573 1573 1574 1574 1550 1550 1575 1575 1575 1575 1575 1575 1575 1575 1575 1575 1575 1575 1575 1575 1576 1576 1576 1576 1577 1577 1578 1578 1579 1579 1579 1579 
178,563 563 563 563 1556 1556 1556 1556 1558 1558 1558 1559 1562 563 563 563 563 1580 1580 1581 1581 1582 1582 1583 1583 1583 1584 1584 1584 1584 1584 1584 1584 1584 1584 1584 1585 1585 1585 1586 1586 1586 1586 1586 1586 1586 1586 1586 1556 1556 
179,533 533 563 563 563 563 741 1326 1544 1544 1544 1545 1545 1545 1545 533 533 533 1548 1549 1549 1549 533 533 1550 1552 1552 1556 1561 1550 1550 1587 1587 1587 1587 1556 1545 1545 1545 1545 1588 1588 1588 1588 1588 1589 1589 1589 1590 1590 1590 1590 1590 1590 1591 1591 1591 1591 563 1592 1592 1592 1592 1593 1593 1593 1594 1594 1594 1594 1594 1594 
180,532 533 538 563 563 563 563 563 1550 1551 1551 1551 1556 1556 1558 1558 563 563 1560 1560 1560 1560 1561 1562 1550 1586 1586 1586 1586 1556 1556 1595 1595 1596 1596 1596 563 1597 1597 1597 563 563 563 563 563 563 563 563 563 563 1559 1550 1551 1598 1598 1598 1598 1598 1586 1558 1586 1586 1556 1599 1599 1600 1600 1600 538 538 
181,532 533 533 1325 1326 968 1544 1544 1545 1545 1546 533 533 1548 1549 1549 1549 533 1550 1552 1552 1556 1556 1556 1556 1556 1557 1557 1556 1556 1556 1556 1567 1556 1550 1586 1586 1545 1545 1545 1588 1588 1588 1588 1588 1598 1598 1586 1586 1586 1601 1601 1601 533 533 1602 1602 1603 1603 1603 1325 1325 1598 1604 1604 1604 1604 
182,563 741 1005 1556 1556 1556 1556 1556 1556 1556 1556 1556 1556 1571 1571 1571 1572 1572 1573 1573 1573 1574 1574 1575 1575 1575 1605 1605 1605 1556 1556 1571 1574 1605 1605 1606 1606 1606 1606 1607 1607 1607 1608 1608 1608 1608 1609 1609 1610 1610 1610 1610 1610 1610 1610 1610 741 741 1611 1611 1612 1612 1613 1613 1556 1556 1556 
183,515 451 719 719 1429 1609 1614 1614 1615 1614 1616 1616 1616 1616 1616 1616 1616 1616 1616 1616 1616 1616 1616 1617 1617 1617 1617 1617 1617 1617 1617 1617 1617 1616 1618 1618 1618 1619 1619 1619 1620 1620 1620 1620 1620 1620 1620 515 515 515 1621 719 719 1622 1622 1622 1622 1622 1622 1622 1622 1622 1622 1623 1623 1623 1622 1624 1625 1625 1626 1626 1626 1626 1626 1626 1627 1627 1627 1628 1628 1628 1628 1628 1628 
184,566 719 1617 1617 1621 719 719 719 719 1622 1622 1622 1622 1622 1624 1625 1626 1626 1629 1629 1629 1629 1629 1630 1630 1630 1630 1630 1630 1631 1631 1617 1617 1632 1632 1633 1633 1633 1633 1633 1634 1634 1634 1635 1635 1636 1636 1637 1638 1638 1639 1639 1639 1638 1638 1638 1640 1640 1640 1626 1626 
185,1004 1617 1621 1622 1622 1622 1622 1622 1622 1622 1624 1624 1624 1624 1624 1638 1638 1638 1638 1638 1638 1640 1617 1617 1617 1617 1641 1641 1641 1642 1642 1643 1643 1643 1643 1643 1622 1622 1622 1625 1625 
186,57 1004 1616 1616 1616 1616 1616 1617 1617 1617 1617 1617 1617 1617 1617 1621 1632 1632 1638 1638 1626 1617 1617 1617 1637 1644 1644 1617 1645 1645 1645 1645 968 1646 1646 1646 1647 1647 1638 1638 1638 1638 1638 1626 1626 1626 1626 1638 1626 1626 1626 
187,57 1638 1638 1638 1638 1648 1648 1648 1648 1648 1648 1648 1648 1648 1648 1621 1648 1648 1648 1649 1649 1638 1649 1649 1649 57 57 57 57 57 57 57 57 57 57 57 57 57 57 1650 
188,550 551 57 513 1003 1325 1425 791 1616 1616 1616 1616 1616 1624 1625 1625 1626 1644 1638 1638 1638 1651 1651 1651 1652 1652 1652 1652 1652 1652 1652 1652 1652 1652 1652 1653 1653 1653 1653 1616 1616 1616 1652 1652 1425 1644 1644 1644 1654 1654 1654 1654 1644 551 1644 1655 1655 1655 1656 1656 1657 1657 1657 1658 1658 1658 1658 1658 1658 
189,1616 1616 1617 1617 1617 1617 1622 1625 1625 1625 1625 1625 1617 1617 1637 1638 1638 1638 1626 1617 1648 57 1650 1644 1617 1617 1617 1621 1625 1625 1625 1659 1659 1660 1660 1660 1616 1625 1625 1626 
190,604 616 1314 1615 1617 1617 1621 1632 1632 1640 1617 1617 1617 1617 1644 1638 1638 57 57 1650 1644 1644 1644 1625 1661 1661 1661 1661 1661 1661 604 604 1662 1662 1663 1663 1663 275 275 1314 1314 1644 275 275 1664 1664 1664 1664 1664 1664 1664 1664 
191,1665 1665 1665 1665 1666 1666 1666 1666 1667 1667 1667 1668 1668 1668 1668 1668 1668 1668 1668 1668 1669 1669 1670 1670 
192,1671 1671 1671 1672 1672 1672 1672 1673 1673 1673 1674 1674 1674 
193,1675 1675 1675 1676 1676 1676 1677 1677 1678 1678 1679 1679 1679 1679 1679 1675 
194,1680 1680 1681 1681 1681 1681 
195,1681 1681 1681 1681 1682 1682 1683 1683 
196,968 968 968 968 1684 1684 
197,532 532 610 1164 1164 1164 1643 1685 1686 1687 610 1688 1688 1643 1689 1690 1691 1692 1692 1692 1693 1693 1693 1693 1693 1164 1694 1694 1694 1694 1694 1694 1694 1694 1694 1695 1696 1696 1697 1697 1697 1698 1699 
198,532 532 539 539 555 719 1164 1243 1643 968 610 1689 1690 1691 1692 1693 1693 1164 1164 1695 1696 1697 1697 1699 1699 532 1700 1700 1701 1701 1701 1701 1701 1701 1701 1701 1701 1701 1701 1701 1701 1701 1702 1686 1703 1704 1704 1704 539 539 539 1705 1705 539 539 1164 1706 1696 532 1699 1699 1707 1707 
199,532 532 532 532 532 532 539 791 275 1685 1686 1687 610 610 1688 1643 1689 1690 1698 1701 1704 1704 1704 1704 1704 1707 1708 1708 1708 1708 1707 1707 532 532 1704 1709 1709 1691 1704 1710 1710 1711 1711 1711 539 1712 1712 1712 1712 1712 1712 1712 1713 1713 1714 1714 1714 532 532 532 532 532 
200,532 532 532 616 1702 1686 1703 1704 1704 1704 1705 1715 719 719 719 719 1689 1716 1716 1716 1716 1716 1717 1717 1717 1718 1718 1718 532 532 1705 532 532 1719 1719 1719 1720 1720 1721 1721 1721 1721 1721 1721 1721 
201,539 539 539 555 557 538 555 1164 1695 1697 532 1700 1706 1696 1699 1707 532 1715 1699 1699 1699 1699 1699 1707 532 1701 1722 1722 1722 1722 1722 1429 555 1723 1723 1723 538 1690 1690 1724 1724 1724 1725 1725 1725 1726 1726 1727 1727 1727 1727 1728 1728 1729 1729 1729 539 539 539 1730 1730 1730 1706 1696 
202,538 555 560 968 1704 1704 1706 1715 791 791 555 1731 1731 1731 1689 1690 1691 1732 1732 1733 1733 1733 1733 1734 1734 1734 1734 1735 1735 1735 1735 1736 1736 275 1706 1697 1696 1696 532 
203,532 555 1429 1688 1689 1692 1692 1692 1704 1704 1715 1686 1737 1737 1737 1738 1738 1739 1739 1739 1740 1691 1741 1741 
204,118 442 515 488 451 538 538 540 540 555 555 555 451 557 538 538 538 555 555 555 558 516 555 555 560 560 512 610 1643 1643 1686 1740 1740 1740 1742 1743 1744 1745 1745 1745 1746 1746 558 555 555 1747 560 560 560 1748 1748 1748 1749 1750 1750 1750 442 442 1751 1751 1752 560 555 1753 555 555 1754 557 557 1755 1740 1740 1740 512 512 512 512 1756 1757 1757 1758 1758 1758 1745 1758 555 1759 
205,442 442 540 540 555 555 451 451 555 516 560 513 1704 1740 560 557 1756 555 1760 1760 1761 1762 1749 1749 1643 1763 1764 1764 1765 1765 1765 1766 1766 451 538 557 1767 1767 1767 1767 1767 1767 1767 1767 516 
206,516 539 540 540 555 451 538 538 555 534 534 558 555 968 968 1643 1643 968 968 1689 1686 1740 1740 1740 558 555 1756 555 555 1760 1761 1762 1768 1768 1768 1768 1768 1768 1643 538 1686 1740 1769 1769 1769 1769 538 1770 555 555 560 560 560 560 560 560 
207,118 540 555 451 538 558 560 1243 1740 1740 1740 1740 1742 1747 1749 1751 1751 1763 
208,515 540 555 555 451 468 451 557 538 538 538 538 555 555 558 555 555 450 1643 1643 275 1704 1740 1740 1740 1769 1770 
209,57 512 488 538 538 540 540 555 555 555 555 555 557 555 555 555 555 555 555 558 558 560 1243 1704 1740 1742 1743 1744 1745 1745 1746 1747 1749 1751 1751 1752 1753 555 1754 1755 1756 1759 1749 1767 1767 1767 1767 1767 1767 1767 516 516 516 516 1769 1769 1769 538 
210,451 555 534 558 604 513 576 
211,534 534 534 534 604 
212,550 555 534 558 604 1302 
213,549 555 559 604 605 
214,555 555 555 555 534 604 605 
215,555 555 534 534 604 
216,555 534 534 558 604 604 
217,533 555 534 604 605 
218,61 151 512 512 512 513 513 488 488 514 451 616 1376 
219,61 512 512 513 488 512 555 557 513 616 1164 
220,512 512 512 512 513 488 540 550 451 557 513 968 616 1164 
221,442 512 512 513 515 38 488 488 451 557 557 616 
222,512 512 512 513 513 451 557 1689 
223,488 551 468 557 576 
224,151 442 512 512 513 513 451 557 1429 1689 
225,488 616 
226,599 1005 1376 1376 
227,488 1325 563 1376 968 
228,968 1005 1005 1005 1376 968 1376 1425 1376 
229,483 488 1376 
230,741 741 1376 1425 1376 
231,483 968 1003 1376 563 
232,968 1376 563 741 1376 
233,488 741 968 1376 1376 
234,533 57 563 1304 1484 
235,540 563 1304 
236,539 
237,1376 
238,533 539 599 1304 
239,557 57 1242 
240,1311 
241,1243 1425 1425 1425 
242,551 
243,1247 1425 1425 
244,719 1325 1425 1425 1425 
245,551 1325 
246,1325 1325 1425 1425 
247,1243 
248,1003 
249,1325 
250,533 
251,539 
252,555 
253,550 
254,550 488 
255,968 
256,968 
257,515 1689 
258,1689 
259,1689 
260,488 
261,488 
262,1164 
263,533 
264,616 1243 
265,1425 1650 
266,1314 
267,791 
268,538 513 
269,1740 
270,538 
271,539 540 451 1302 
272,1740 
273,538 1740 
274,1314 
275,1311 
276,1311 1376 
277,1247 
278,1005 
279,1005 1311 1376 
280,1005 
281,550 
282,1650 
283,549 
284,1314 1484 
285,549 
286,1164 
287,549 1314 
288,1295 1311 1311 1314 1326 1326 1326 1326 1326 1376 
289,1295 1311 1311 1325 1326 1376 
290,968 1295 1311 1326 1326 1383 
291,968 1295 1295 1311 1325 1326 1326 1326 1326 1383 
292,968 968 968 1295 1295 1295 1311 1326 1326 1326 1376 968 
293,1005 1311 1311 1243 1314 1314 1326 1326 1376 
294,968 1295 1258 1311 1314 1326 1326 1326 
295,1295 1326 1326 1326 1326 1376 1376 1376 1376 968 968 
296,1003 
297,1325 
298,488 1003 
299,1004 
300,540 
301,1004 1164 
302,565 
303,1247 
304,540 1311 1638 
305,565 
306,533 565 
307,549 549 
308,549 549 
309,549 
310,549 549 
311,549 549 
312,533 550 550 1164 
313,1003 
314,533 1243 
315,1004 1005 
316,533 
317,257 1325 1383 
318,968 
319,741 
320,549 550 741 
321,550 563 563 741 
322,549 549 550 1314 741 
323,549 550 741 741 1376 
324,57 549 550 741 741 741 
325,550 741 1376 
326,968 
327,57 514 516 968 1609 275 1740 
328,513 1243 
329,516 1164 
330,514 516 488 
331,516 538 513 513 512 1164 968 
332,610 
333,560 275 
334,549 549 549 719 488 
335,549 550 
336,549 549 550 488 
337,549 549 551 1005 
338,549 549 
339,549 549 550 556 
340,968 
341,550 1243 
342,741 1484 
343,1003 
344,550 1003 
345,550 
346,1003 1325 
347,550 
348,551 551 
349,1003 
350,741 1484 
351,539 1609 
352,741 
353,539 
354,532 550 
355,488 532 
356,532 
357,1311 
358,533 1311 1311 
359,968 
360,1004 1243 1314 
361,1247 
362,1004 
363,968 1004 1243 
364,1004 
365,1004 1247 1243 1609 
366,483 576 488 
367,488 1003 
368,488 1243 
369,488 488 616 1325 
370,488 488 1003 
371,483 488 488 
372,488 1004 
373,968 
374,616 616 1314 1376 968 
375,1376 
376,488 1376 
377,515 
378,1383 1740 
379,968 
380,1243 
381,528 
382,1383 
383,533 
384,791 968 
385,533 
386,442 516 514 514 512 451 565 513 
387,555 
388,514 538 604 512 513 576 
389,151 515 538 538 451 538 1425 1429 1686 
390,551 558 558 565 
391,513 514 488 616 1243 1429 
392,550 513 
393,57 513 538 1164 
394,514 551 451 512 1643 
395,488 
396,539 1643 1643 275 
397,516 604 
398,118 1429 
399,513 
400,540 610 
401,610 
402,442 538 513 610 
403,1005 1302 1243 1609 275 
404,1326 
405,1311 968 
406,1003 
407,539 
408,451 
409,451 451 557 557 1302 1243 
410,451 451 
411,1302 
412,1643 
413,512 514 
414,513 1242 
415,538 549 555 556 1425 275 
416,57 512 557 
417,513 515 515 451 557 275 
418,512 513 451 516 451 451 563 
419,513 556 557 1325 
420,49 151 451 451 557 610 450 1325 791 
421,1003 1004 616 1311 
422,52 72 72 73 73 73 73 73 73 73 73 50 50 50 50 50 50 50 50 1243 
423,81 81 81 81 82 83 83 83 84 85 85 86 86 87 87 87 87 88 88 88 89 89 89 89 89 89 90 90 91 91 92 93 94 94 95 96 97 98 99 100 101 102 103 104 105 106 107 108 109 110 111 112 113 114 115 115 123 123 123 125 126 127 128 129 130 131 61 539 516 516 512 
424,136 136 136 136 136 136 136 136 136 136 136 136 136 136 136 136 136 136 136 136 136 136 138 138 138 138 138 138 138 138 138 139 139 61 143 143 143 143 
425,151 151 151 151 151 151 151 151 151 151 151 151 151 151 151 151 151 151 151 151 151 151 151 539 
426,159 159 159 159 160 162 162 162 162 162 163 163 163 163 163 163 164 164 164 164 164 164 164 164 164 164 164 164 164 164 164 164 164 164 164 164 164 164 164 164 164 164 164 164 164 
427,513 451 550 
428,555 
429,451 516 488 
430,451 550 791 1638 1650 
431,451 1243 1326 1376 
432,1376 
433,514 
434,538 555 1643 968 
435,558 555 
436,532 
437,514 1164 
438,512 488 
439,1325 
440,557 
441,968 
442,538 538 539 1686 
443,538 1325 1686 
444,538 539 1686 1686 
445,538 538 538 540 550 
446,538 539 610 1686 
447,538 538 538 550 1686 
448,538 
449,512 1247 
450,513 
451,512 1243 
452,1247 
453,539 
454,539 
455,549 
456,549 549 
457,968 
458,533 1643 
459,556 1314 1757 1758 1758 
460,599 1765 
461,38 556 556 
462,516 599 1609 
463,512 1314 
464,555 
465,555 604 576 
466,540 563 1425 
467,1643 
468,442 551 513 513 1383 563 
469,539 1383 563 
470,549 
471,539 450 1314 1383 563 
472,576 
473,1325 
474,550 
475,550 1484 
476,550 
477,527 549 
478,488 
479,488 
480,550 968 
481,968 
482,516 
483,550 
484,516 
485,550 
486,516 
487,1 1 1 1 17 538 550 488 
488,1 1 1 488 488 
489,30 30 550 
490,39 442 576 450 719 1689 
491,1 1 1 1 1 1 1 1 442 532 576 450 719 1005 1314 1689 
492,1 1 539 550 1314 1484 1689 
493,515 1609 
494,57 719 719 
495,576 1650 
496,719 719 
497,1002 
498,1247 1247 
499,533 
500,1247 968 
501,515 488 1247 1247 1247 
502,1643 
503,551 
504,488 538 538 550 534 
505,57 719 1302 1689 
506,551 551 1689 1740 
507,512 791 
508,559 
509,451 516 513 1005 1243 1689 
